/*
Created: 10/14/2014
Modified: 10/19/2014
Model: Oracle 11g Release 2
Database: Oracle 11g Release 2
*/


-- Create Test Data (only for dev) -------------------------------------------------

-- Table CASE

SET DEFINE OFF;
INSERT into CASE(CASE_ID, CASE_STATUS, CASE_PRECINCT, CASE_BORO, CASE_INCIDENT_DATE,CASE_RECIEVED_DATE)VALUES(201113177, 'Open', '48', 'Bronx', TO_DATE('10/07/2011 06:00:00', 'MM/DD/YYYY HH24:MI:SS'),    TO_DATE('10/08/2011 06:00:00', 'MM/DD/YYYY HH24:MI:SS'));
COMMIT;

-- Table ACTIVITY_TYPE

SET DEFINE OFF;
INSERT into ACTIVITY_TYPE (ACTIVITY_TYPE_ID, ACTIVITY_TYPE_DESCRIPTION)VALUES(1, 'Complaint Registration');
INSERT into ACTIVITY_TYPE (ACTIVITY_TYPE_ID, ACTIVITY_TYPE_DESCRIPTION)VALUES(2, 'Fwd case to Inv. Team');
INSERT into ACTIVITY_TYPE (ACTIVITY_TYPE_ID, ACTIVITY_TYPE_DESCRIPTION)VALUES(8, 'Case Review by Team Supervisor');
INSERT into ACTIVITY_TYPE (ACTIVITY_TYPE_ID, ACTIVITY_TYPE_DESCRIPTION)VALUES(14, 'Fwd to CMU for Panel Assignment');
INSERT into ACTIVITY_TYPE (ACTIVITY_TYPE_ID, ACTIVITY_TYPE_DESCRIPTION)VALUES(43, 'Case Closed');
INSERT into ACTIVITY_TYPE (ACTIVITY_TYPE_ID, ACTIVITY_TYPE_DESCRIPTION)VALUES(101, 'Case Investigation: General');
INSERT into ACTIVITY_TYPE (ACTIVITY_TYPE_ID, ACTIVITY_TYPE_DESCRIPTION)VALUES(102, 'Case Investigation: General');
INSERT into ACTIVITY_TYPE (ACTIVITY_TYPE_ID, ACTIVITY_TYPE_DESCRIPTION)VALUES(105, 'Case Investigation: Complainant/Victim Interviewed');
INSERT into ACTIVITY_TYPE (ACTIVITY_TYPE_ID, ACTIVITY_TYPE_DESCRIPTION)VALUES(107, 'Case Investigation: Officer Interviewed');
INSERT into ACTIVITY_TYPE (ACTIVITY_TYPE_ID, ACTIVITY_TYPE_DESCRIPTION)VALUES(111, 'Case Investigation: Records/Info request');
INSERT into ACTIVITY_TYPE (ACTIVITY_TYPE_ID, ACTIVITY_TYPE_DESCRIPTION)VALUES(131, 'Case Investigation: General');
COMMIT;


-- Table ACTIVITY

SET DEFINE OFF;

INSERT INTO ACTIVITY(ACTIVITY_COMPLETED_DATE,CASE_ID,ACTIVITY_TYPE_ID,ACTIVITY_ORDER,ACTIVITY_ID)VALUES(TO_DATE('10/11/2011 10:58:00', 'MM/DD/YYYY HH24:MI:SS'),201113177,1,1,1);
INSERT INTO ACTIVITY(ACTIVITY_COMPLETED_DATE,CASE_ID,ACTIVITY_TYPE_ID,ACTIVITY_ORDER,ACTIVITY_ID)VALUES(TO_DATE('10/11/2011 11:00:00', 'MM/DD/YYYY HH24:MI:SS'),201113177,2,2,2);
INSERT INTO ACTIVITY(ACTIVITY_COMPLETED_DATE,CASE_ID,ACTIVITY_TYPE_ID,ACTIVITY_ORDER,ACTIVITY_ID)VALUES(TO_DATE('10/11/2011 11:27', 'MM/DD/YYYY HH24:MI:SS'),201113177,102,3,3);
INSERT INTO ACTIVITY(ACTIVITY_COMPLETED_DATE,CASE_ID,ACTIVITY_TYPE_ID,ACTIVITY_ORDER,ACTIVITY_ID)VALUES(TO_DATE('10/11/2011 12:01', 'MM/DD/YYYY HH24:MI:SS'),201113177,8,4,4);
INSERT INTO ACTIVITY(ACTIVITY_COMPLETED_DATE,CASE_ID,ACTIVITY_TYPE_ID,ACTIVITY_ORDER,ACTIVITY_ID)VALUES(TO_DATE('10/11/2011 12:34', 'MM/DD/YYYY HH24:MI:SS'),201113177,101,5,5);
INSERT INTO ACTIVITY(ACTIVITY_COMPLETED_DATE,CASE_ID,ACTIVITY_TYPE_ID,ACTIVITY_ORDER,ACTIVITY_ID)VALUES(TO_DATE('10/14/2011 12:24', 'MM/DD/YYYY HH24:MI:SS'),201113177,111,6,6);
INSERT INTO ACTIVITY(ACTIVITY_COMPLETED_DATE,CASE_ID,ACTIVITY_TYPE_ID,ACTIVITY_ORDER,ACTIVITY_ID)VALUES(TO_DATE('10/17/2011 9:36', 'MM/DD/YYYY HH24:MI:SS'),201113177,102,7,7);
INSERT INTO ACTIVITY(ACTIVITY_COMPLETED_DATE,CASE_ID,ACTIVITY_TYPE_ID,ACTIVITY_ORDER,ACTIVITY_ID)VALUES(TO_DATE('10/24/2011 14:02', 'MM/DD/YYYY HH24:MI:SS'),201113177,111,8,8);
INSERT INTO ACTIVITY(ACTIVITY_COMPLETED_DATE,CASE_ID,ACTIVITY_TYPE_ID,ACTIVITY_ORDER,ACTIVITY_ID)VALUES(TO_DATE('10/25/2011 12:49', 'MM/DD/YYYY HH24:MI:SS'),201113177,102,9,9);
INSERT INTO ACTIVITY(ACTIVITY_COMPLETED_DATE,CASE_ID,ACTIVITY_TYPE_ID,ACTIVITY_ORDER,ACTIVITY_ID)VALUES(TO_DATE('10/25/2011 16:11', 'MM/DD/YYYY HH24:MI:SS'),201113177,105,10,10);
INSERT INTO ACTIVITY(ACTIVITY_COMPLETED_DATE,CASE_ID,ACTIVITY_TYPE_ID,ACTIVITY_ORDER,ACTIVITY_ID)VALUES(TO_DATE('10/27/2011 11:37', 'MM/DD/YYYY HH24:MI:SS'),201113177,101,11,11);
INSERT INTO ACTIVITY(ACTIVITY_COMPLETED_DATE,CASE_ID,ACTIVITY_TYPE_ID,ACTIVITY_ORDER,ACTIVITY_ID)VALUES(TO_DATE('10/28/2011 9:58', 'MM/DD/YYYY HH24:MI:SS'),201113177,111,12,12);
INSERT INTO ACTIVITY(ACTIVITY_COMPLETED_DATE,CASE_ID,ACTIVITY_TYPE_ID,ACTIVITY_ORDER,ACTIVITY_ID)VALUES(TO_DATE('10/28/2011 10:13', 'MM/DD/YYYY HH24:MI:SS'),201113177,101,13,13);
INSERT INTO ACTIVITY(ACTIVITY_COMPLETED_DATE,CASE_ID,ACTIVITY_TYPE_ID,ACTIVITY_ORDER,ACTIVITY_ID)VALUES(TO_DATE('11/1/2011 9:57', 'MM/DD/YYYY HH24:MI:SS'),201113177,111,14,14);
INSERT INTO ACTIVITY(ACTIVITY_COMPLETED_DATE,CASE_ID,ACTIVITY_TYPE_ID,ACTIVITY_ORDER,ACTIVITY_ID)VALUES(TO_DATE('11/4/2011 8:14', 'MM/DD/YYYY HH24:MI:SS'),201113177,131,15,15);
INSERT INTO ACTIVITY(ACTIVITY_COMPLETED_DATE,CASE_ID,ACTIVITY_TYPE_ID,ACTIVITY_ORDER,ACTIVITY_ID)VALUES(TO_DATE('12/1/2011 10:38', 'MM/DD/YYYY HH24:MI:SS'),201113177,111,16,16);
INSERT INTO ACTIVITY(ACTIVITY_COMPLETED_DATE,CASE_ID,ACTIVITY_TYPE_ID,ACTIVITY_ORDER,ACTIVITY_ID)VALUES(TO_DATE('12/5/2011 10:06', 'MM/DD/YYYY HH24:MI:SS'),201113177,101,17,17);
INSERT INTO ACTIVITY(ACTIVITY_COMPLETED_DATE,CASE_ID,ACTIVITY_TYPE_ID,ACTIVITY_ORDER,ACTIVITY_ID)VALUES(TO_DATE('1/26/2012 14:18', 'MM/DD/YYYY HH24:MI:SS'),201113177,111,18,18);
INSERT INTO ACTIVITY(ACTIVITY_COMPLETED_DATE,CASE_ID,ACTIVITY_TYPE_ID,ACTIVITY_ORDER,ACTIVITY_ID)VALUES(TO_DATE('2/14/2012 9:16', 'MM/DD/YYYY HH24:MI:SS'),201113177,101,19,19);
INSERT INTO ACTIVITY(ACTIVITY_COMPLETED_DATE,CASE_ID,ACTIVITY_TYPE_ID,ACTIVITY_ORDER,ACTIVITY_ID)VALUES(TO_DATE('2/29/2012 10:19', 'MM/DD/YYYY HH24:MI:SS'),201113177,111,20,20);
INSERT INTO ACTIVITY(ACTIVITY_COMPLETED_DATE,CASE_ID,ACTIVITY_TYPE_ID,ACTIVITY_ORDER,ACTIVITY_ID)VALUES(TO_DATE('2/29/2012 10:41', 'MM/DD/YYYY HH24:MI:SS'),201113177,101,21,21);
INSERT INTO ACTIVITY(ACTIVITY_COMPLETED_DATE,CASE_ID,ACTIVITY_TYPE_ID,ACTIVITY_ORDER,ACTIVITY_ID)VALUES(TO_DATE('3/27/2012 12:08', 'MM/DD/YYYY HH24:MI:SS'),201113177,107,22,22);
INSERT INTO ACTIVITY(ACTIVITY_COMPLETED_DATE,CASE_ID,ACTIVITY_TYPE_ID,ACTIVITY_ORDER,ACTIVITY_ID)VALUES(TO_DATE('3/27/2012 13:32', 'MM/DD/YYYY HH24:MI:SS'),201113177,101,23,23);
INSERT INTO ACTIVITY(ACTIVITY_COMPLETED_DATE,CASE_ID,ACTIVITY_TYPE_ID,ACTIVITY_ORDER,ACTIVITY_ID)VALUES(TO_DATE('5/21/2012 10:16', 'MM/DD/YYYY HH24:MI:SS'),201113177,107,24,24);
INSERT INTO ACTIVITY(ACTIVITY_COMPLETED_DATE,CASE_ID,ACTIVITY_TYPE_ID,ACTIVITY_ORDER,ACTIVITY_ID)VALUES(TO_DATE('5/24/2012 16:35', 'MM/DD/YYYY HH24:MI:SS'),201113177,101,25,25);
INSERT INTO ACTIVITY(ACTIVITY_COMPLETED_DATE,CASE_ID,ACTIVITY_TYPE_ID,ACTIVITY_ORDER,ACTIVITY_ID)VALUES(TO_DATE('8/2/2012 16:03', 'MM/DD/YYYY HH24:MI:SS'),201113177,8,26,26);
INSERT INTO ACTIVITY(ACTIVITY_COMPLETED_DATE,CASE_ID,ACTIVITY_TYPE_ID,ACTIVITY_ORDER,ACTIVITY_ID)VALUES(TO_DATE('8/2/2012 16:09', 'MM/DD/YYYY HH24:MI:SS'),201113177,101,27,27);
INSERT INTO ACTIVITY(ACTIVITY_COMPLETED_DATE,CASE_ID,ACTIVITY_TYPE_ID,ACTIVITY_ORDER,ACTIVITY_ID)VALUES(TO_DATE('1/4/2013 16:45', 'MM/DD/YYYY HH24:MI:SS'),201113177,14,28,28);
INSERT INTO ACTIVITY(ACTIVITY_COMPLETED_DATE,CASE_ID,ACTIVITY_TYPE_ID,ACTIVITY_ORDER,ACTIVITY_ID)VALUES(TO_DATE('2/14/2013 11:24', 'MM/DD/YYYY HH24:MI:SS'),201113177,43,29,29);
COMMIT;

-- Table ETL_STATUS

SET DEFINE OFF;
INSERT into ETL_STATUS(ETL_STATUS_RUNNING, ETL_STATUS_LAST_COMPLETED_DATE,ETL_STATUS_PROC_WID)VALUES(0, TO_DATE('10/19/2014 17:49:41', 'MM/DD/YYYY HH24:MI:SS'),48);
INSERT into ETL_STATUS(ETL_STATUS_RUNNING, ETL_STATUS_LAST_COMPLETED_DATE,ETL_STATUS_PROC_WID)VALUES(0, TO_DATE('10/21/2014 18:49:41', 'MM/DD/YYYY HH24:MI:SS'),49);
COMMIT;